model,train_acc,test_acc,train_roc_auc,test_roc_auc,train_ap,test_ap
SVM Linear_{'C': 0.1},0.9846153846153847,0.9824561403508771,0.9968421052631579,0.9937169312169313,0.9977081452108209,0.9959813777946387
"SVM RBF_{'C': 10, 'gamma': 0.01}",0.9868131868131869,0.9824561403508771,0.9981630546955624,0.9976851851851851,0.9987688323680837,0.9986099757018846
Logistic Regression,0.989010989010989,0.9824561403508771,0.9974819401444789,0.9953703703703703,0.9982812463159227,0.9970652078135953
Random Forest,1.0,0.956140350877193,0.9999999999999999,0.9938822751322751,1.0,0.9964229669592702
